{"cameraMode":{"drawMode":0,"name":"Shaded","section":"Shading Mode"},"sceneLighting":false,"audioPlay":false,"sceneViewState":{"m_AlwaysRefresh":false,"showFog":true,"showSkybox":true,"showFlares":true,"showImageEffects":true,"showParticleSystems":true,"showVisualEffectGraphs":true,"m_FxEnabled":false},"in2DMode":false,"pivot":{"x":-13.918718338012696,"y":10.870387077331543,"z":-2.821761131286621},"rotation":{"x":0.22132734954357148,"y":-0.40006083250045779,"z":0.10020998865365982,"w":0.8837118744850159},"size":21.793624877929689,"orthographic":false}