{"cameraMode":{"drawMode":0,"name":"Shaded","section":"Shading Mode"},"sceneLighting":false,"audioPlay":false,"sceneViewState":{"m_AlwaysRefresh":false,"showFog":true,"showSkybox":false,"showFlares":true,"showImageEffects":true,"showParticleSystems":true,"showVisualEffectGraphs":true,"m_FxEnabled":false},"in2DMode":false,"pivot":{"x":-0.2139444351196289,"y":0.4562312364578247,"z":-0.9496304988861084},"rotation":{"x":-0.026262648403644563,"y":0.7681154012680054,"z":0.03158770874142647,"w":0.6390077471733093},"size":2.661757230758667,"orthographic":false}